Category,Product Name,Image Link
Agro Industrial,GASOLINE WATER PUMP,https://bonhoeffermachines.com/public/images/segment/1_bomba-de-agua-gasolina.webp
Agro Industrial,GASOLINE ENGINE,https://bonhoeffermachines.com/public/images/segment/2_MOTOR-DE-GASOLINA.webp
Agro Industrial,GASOLINE GENERATOR,https://bonhoeffermachines.com/public/images/segment/3_GENERADOR-DE-GASOLINA.webp
Agro Industrial,GASOLINE INVERTER,https://bonhoeffermachines.com/public/images/segment/4_INVERSOR-DE-GASOLINA.webp
Agro Industrial,TILLER,https://bonhoeffermachines.com/public/images/segment/5_MINI-CULTIVADOR-DE-GASOLIN.webp
,,
GARDEN AND FORESTRY,EARTH AUGER,https://bonhoeffermachines.com/public/images/segment/7_BARRENA_DE_TIERRA.webp
GARDEN AND FORESTRY,WATER PUMP 2 STROKE,https://bonhoeffermachines.com/public/images/segment/8_BOMBA_DE_AGUA_2_TIEMPO.webp
GARDEN AND FORESTRY,ENGINE 2 STROKES,https://bonhoeffermachines.com/public/images/segment/9_MOTOR_DE_2_TIEMPOS.webp
GARDEN AND FORESTRY,LAWN MOWER,https://bonhoeffermachines.com/public/images/segment/10_CORTAC%E5%BF%83PED.webp
GARDEN AND FORESTRY,Brush Cutter,https://bonhoeffermachines.com/public/images/segment/1_DESBROZADORA.webp
GARDEN AND FORESTRY,Backpack Brush Cutter,https://bonhoeffermachines.com/public/images/segment/2_DESBROZADORA_DE_MOCHILA.webp
GARDEN AND FORESTRY,Multi Tool,https://bonhoeffermachines.com/public/images/segment/3_MULTIFUNCIONAL.webp
GARDEN AND FORESTRY,Chainsaw,https://bonhoeffermachines.com/public/images/segment/4_MOTOSIERRA.webp
GARDEN AND FORESTRY,HEDGE TRIMMER,https://bonhoeffermachines.com/public/images/segment/5_CORTAZETOS.webp
GARDEN AND FORESTRY,BLOWER,https://bonhoeffermachines.com/public/images/segment/6_SOPLADORA.webp
,,
Diesel Machines,DIESEL WATER PUMP,https://bonhoeffermachines.com/public/images/segment/1_BOMBA_DE_AGUA_DE_DIESEL.webp
Diesel Machines,DIESEL GENERATOR,https://bonhoeffermachines.com/public/images/segment/2_GENERADOR_DE_DIESEL.webp
Diesel Machines,DIESEL ENGINE,https://bonhoeffermachines.com/public/images/segment/3_MOTOR_DE_DIESEL.webp
,,
Electric machine,Electric Lawn Mower,https://bonhoeffermachines.com/public/images/segment/10_CORTAC%E5%BF%83PED.webp
Electric machine,ELECTRIC PRESSURE WASHER,https://bonhoeffermachines.com/public/images/segment/1_HIDROLAVADORA-DE-ELECTRICA.webp
,,
Solar,PANEL SOLAR,https://bonhoeffermachines.com/public/images/segment/1_PANEL_SOLAR.webp
Solar,SUBMERSIBLE PUMP,https://bonhoeffermachines.com/public/images/segment/2_BOMBA_DE_SOLAR.webp
,,
Sprayers and fumigation,KNAPSACK SPRAYER,https://bonhoeffermachines.com/public/images/segment/1_FUMIGADORA_DE_GASOLINA.webp
Sprayers and fumigation,MANUAL SPRAYER,https://bonhoeffermachines.com/public/images/segment/2_FUMIGADORA_MANUAL.webp
Sprayers and fumigation,MISTDUSTER,https://bonhoeffermachines.com/public/images/segment/4_ATOMIZADOR_DE_MOCHILA.webp
Sprayers and fumigation,THERMAL FOGGER,https://bonhoeffermachines.com/public/images/segment/5_NEBULIZADOR.webp
,,
Domestic and commercial,GASOLINE PRESSURE WASHER,https://bonhoeffermachines.com/public/images/segment/2_HIDROLAVADORA-DE-GASOLINA.webp
Domestic and commercial,PRESSURE WASHER HOME USE,https://bonhoeffermachines.com/public/images/segment/3_Domestic-pressure-washer.webp
Domestic and commercial,DIRECT DRIVEN AIR COMPRESSOR,https://bonhoeffermachines.com/public/images/segment/4_Direct-driven-air-compressor.webp
Domestic and commercial,VACUUM CLEANER COMMERCIAL GRADE,https://bonhoeffermachines.com/public/images/segment/5_ASPIRADORA-GRADO-COMERCIAL.webp
,,
Industrial,Electric Motors,https://bonhoeffermachines.com/en/public/images/segment/2_electric-motors.webp
Industrial,CENTRIFUGAL PUMP,https://bonhoeffermachines.com/en/public/images/segment/4_BOMBA-CENTRO%CC%88FUGA.webp
Industrial,Submersible Pump,https://bonhoeffermachines.com/public/images/segment/5_BOMBA-DE-SUMERGIBLE.webp
Industrial,WELDING MACHINES,https://bonhoeffermachines.com/en/public/images/segment/1_MAQUINAS-DE-SOLDAR.webp
,,
Construction,Plate Compactor,https://bonhoeffermachines.com/public/images/segment/2_PLATO-COMPACTADOR.webp
Construction,Concrete Cutter,https://bonhoeffermachines.in/public/images/segment/3_concrete-cutter.webp
Construction,CONCRETE VIBRATOR,https://bonhoeffermachines.in/public/images/segment/4_concrete-vibrator.webp
Construction,CONCRETE POWER TROWEL,https://bonhoeffermachines.com/public/images/segment/5_PODER-CONCRETO-PALETA.webp
Construction,TAMPING RAMMER,https://bonhoeffermachines.com/public/images/segment/1_MARCOS-DE-APISONAMIENTO.webp
,,
Tools,Power Tools,https://bonhoeffermachines.com/public/images/segment/ac-professional-home.webp
Tools,Hand Tools,https://bonhoeffermachines.com/public/images/segment/hand-tools-home.webp
Tools,Garden Tools,https://bonhoeffermachines.in/public/images/segment/garden-tools.webp
,,
Wood Chipper and Chaff Cutter,Wood chipper,https://bonhoeffermachines.com/public/images/segment/wood-chipper-home.webp
Wood Chipper and Chaff Cutter,Corn Thresher & Chaff cutter,https://bonhoeffermachines.com/public/images/segment/chaff-cutter.webp
,,
Special Segment,Trencher,https://bonhoeffermachines.com/public/images/segment/trencher-home.webp
Special Segment,Leaf Blower,https://bonhoeffermachines.com/public/images/segment/leaf-blower-home.webp
Special Segment,Mini Dumper,https://bonhoeffermachines.com/public/images/segment/mini-dumper-home.webp
Special Segment,Log Splitter,https://bonhoeffermachines.com/public/images/segment/log-splitter-home.webp
,,
,,
,,
,,
,,